Week,Year,GID,Name,Pos,Team,h/a,Oppt,FD points,FD salary
1,2017,6217,"Tavecchio, Giorgio",PK,oak,a,ten,19,0
1,2017,6205,"Zuerlein, Greg",PK,lar,h,ind,17,4500
1,2017,6194,"Bailey, Dan",PK,dal,h,nyg,15,4900
1,2017,6239,"Lutz, Wil",PK,nor,a,min,14,4800
1,2017,6211,"Sturgis, Caleb",PK,phi,a,was,13,4600
1,2017,6236,"Myers, Jason",PK,jac,a,hou,12,4500
1,2017,6208,"Forbath, Kai",PK,min,h,nor,12,4500
1,2017,6071,"Bryant, Matt",PK,atl,a,chi,12,4900
1,2017,6169,"Succop, Ryan",PK,ten,h,oak,12,4600
1,2017,6172,"Gano, Graham",PK,car,a,sfo,11,4700
1,2017,6204,"Walsh, Blair",PK,sea,a,gnb,10,4500
1,2017,6229,"Catanzaro, Chandler",PK,nyj,a,buf,9,4700
1,2017,6098,"Gostkowski, Stephen",PK,nwe,h,kan,9,5000
1,2017,6206,"Tucker, Justin",PK,bal,a,cin,8,5000
1,2017,6166,"Barth, Connor",PK,chi,h,atl,7,4500
1,2017,6159,"Prater, Matt",PK,det,h,ari,7,4700
1,2017,6227,"McManus, Brandon",PK,den,h,lac,6,4600
1,2017,6224,"Santos, Cairo",PK,kan,a,nwe,6,4600
1,2017,6104,"Crosby, Mason",PK,gnb,h,sea,6,4800
1,2017,6016,"Dawson, Phil",PK,ari,a,det,5,4500
1,2017,6209,"Hopkins, Dustin",PK,was,h,phi,5,4800
1,2017,6240,"Gonzalez, Zane",PK,cle,h,pit,4,4500
1,2017,6096,"Gould, Robbie",PK,sfo,h,car,4,4500
1,2017,6243,"Koo, Younghoe",PK,lac,a,den,3,0
1,2017,6242,"Rosas, Aldrick",PK,nyg,a,dal,3,4500
1,2017,6037,"Vinatieri, Adam",PK,ind,a,lar,3,4800
1,2017,6225,"Boswell, Chris",PK,pit,a,cle,3,4800
1,2017,6167,"Hauschka, Steven",PK,buf,h,nyj,3,4800
1,2017,6241,"Fairbairn, Ka'imi",PK,hou,h,jac,1,0
1,2017,6203,"Bullock, Randy",PK,cin,h,bal,0,4600
2,2017,6225,"Boswell, Chris",PK,pit,h,min,16,4700
2,2017,6169,"Succop, Ryan",PK,ten,a,jac,15,4700
2,2017,6230,"Parkey, Cody",PK,mia,a,lac,15,4600
2,2017,6071,"Bryant, Matt",PK,atl,h,gnb,14,5000
2,2017,6120,"Folk, Nick",PK,tam,h,chi,14,4600
2,2017,6098,"Gostkowski, Stephen",PK,nwe,a,nor,12,5100
2,2017,6016,"Dawson, Phil",PK,ari,a,ind,11,4500
2,2017,6229,"Catanzaro, Chandler",PK,nyj,a,oak,10,4600
2,2017,6096,"Gould, Robbie",PK,sfo,a,sea,10,4500
2,2017,6209,"Hopkins, Dustin",PK,was,a,lar,10,4700
2,2017,6217,"Tavecchio, Giorgio",PK,oak,h,nyj,9,4700
2,2017,6239,"Lutz, Wil",PK,nor,h,nwe,9,4700
2,2017,6224,"Santos, Cairo",PK,kan,h,phi,9,4600
2,2017,6422,"Elliott, Jake",PK,phi,a,kan,9,0
2,2017,6172,"Gano, Graham",PK,car,h,buf,9,4800
2,2017,6205,"Zuerlein, Greg",PK,lar,h,was,9,4600
2,2017,6203,"Bullock, Randy",PK,cin,h,hou,9,4700
2,2017,6037,"Vinatieri, Adam",PK,ind,h,ari,8,4700
2,2017,6241,"Fairbairn, Ka'imi",PK,hou,a,cin,8,4500
2,2017,6159,"Prater, Matt",PK,det,a,nyg,8,4800
2,2017,6194,"Bailey, Dan",PK,dal,a,den,7,4800
2,2017,6243,"Koo, Younghoe",PK,lac,h,mia,6,4600
2,2017,6227,"McManus, Brandon",PK,den,h,dal,6,4700
2,2017,6204,"Walsh, Blair",PK,sea,h,sfo,6,4600
2,2017,6206,"Tucker, Justin",PK,bal,h,cle,6,5200
2,2017,6236,"Myers, Jason",PK,jac,h,ten,5,4600
2,2017,6104,"Crosby, Mason",PK,gnb,a,atl,5,4900
2,2017,6208,"Forbath, Kai",PK,min,a,pit,4,4500
2,2017,6240,"Gonzalez, Zane",PK,cle,a,bal,4,4500
2,2017,6242,"Rosas, Aldrick",PK,nyg,h,det,4,4600
2,2017,6167,"Hauschka, Steven",PK,buf,a,car,4,4700
2,2017,6166,"Barth, Connor",PK,chi,a,tam,1,4500
3,2017,6167,"Hauschka, Steven",PK,buf,h,den,19,4600
3,2017,6159,"Prater, Matt",PK,det,h,atl,19,4700
3,2017,6169,"Succop, Ryan",PK,ten,h,sea,16,4500
3,2017,6241,"Fairbairn, Ka'imi",PK,hou,a,nwe,16,4500
3,2017,6236,"Myers, Jason",PK,jac,h,bal,15,4500
3,2017,6071,"Bryant, Matt",PK,atl,a,det,14,4900
3,2017,6239,"Lutz, Wil",PK,nor,a,car,12,4600
3,2017,6422,"Elliott, Jake",PK,phi,h,nyg,12,4600
3,2017,6205,"Zuerlein, Greg",PK,lar,a,sfo,12,4700
3,2017,6227,"McManus, Brandon",PK,den,a,buf,10,4800
3,2017,6208,"Forbath, Kai",PK,min,h,tam,10,4600
3,2017,6096,"Gould, Robbie",PK,sfo,h,lar,10,4600
3,2017,6229,"Catanzaro, Chandler",PK,nyj,h,mia,9,4600
3,2017,6209,"Hopkins, Dustin",PK,was,h,oak,9,4600
3,2017,6104,"Crosby, Mason",PK,gnb,h,cin,9,5000
3,2017,6172,"Gano, Graham",PK,car,h,nor,8,4800
3,2017,6242,"Rosas, Aldrick",PK,nyg,a,phi,7,4500
3,2017,6037,"Vinatieri, Adam",PK,ind,h,cle,7,4600
3,2017,6203,"Bullock, Randy",PK,cin,a,gnb,7,4500
3,2017,6224,"Santos, Cairo",PK,kan,a,lac,6,4700
3,2017,6120,"Folk, Nick",PK,tam,a,min,6,4700
3,2017,6016,"Dawson, Phil",PK,ari,h,dal,5,4500
3,2017,6166,"Barth, Connor",PK,chi,h,pit,5,4500
3,2017,6225,"Boswell, Chris",PK,pit,a,chi,5,4800
3,2017,6243,"Koo, Younghoe",PK,lac,h,kan,4,4500
3,2017,6217,"Tavecchio, Giorgio",PK,oak,a,was,4,4800
3,2017,6194,"Bailey, Dan",PK,dal,a,ari,4,4700
3,2017,6240,"Gonzalez, Zane",PK,cle,a,ind,4,4500
3,2017,6098,"Gostkowski, Stephen",PK,nwe,h,hou,4,5200
3,2017,6204,"Walsh, Blair",PK,sea,a,ten,3,4700
3,2017,6206,"Tucker, Justin",PK,bal,a,jac,1,5100
3,2017,6230,"Parkey, Cody",PK,mia,a,nyj,0,4800
4,2017,6205,"Zuerlein, Greg",PK,lar,a,dal,27,4900
4,2017,6422,"Elliott, Jake",PK,phi,a,lac,19,4600
4,2017,6096,"Gould, Robbie",PK,sfo,a,ari,18,4500
4,2017,6241,"Fairbairn, Ka'imi",PK,hou,h,ten,18,4500
4,2017,6016,"Dawson, Phil",PK,ari,h,sfo,15,4500
4,2017,6098,"Gostkowski, Stephen",PK,nwe,h,car,15,5100
4,2017,6167,"Hauschka, Steven",PK,buf,a,atl,15,4700
4,2017,6229,"Catanzaro, Chandler",PK,nyj,h,jac,13,4600
4,2017,6423,"Butker, Harrison",PK,kan,h,was,12,0
4,2017,6227,"McManus, Brandon",PK,den,h,oak,11,5000
4,2017,6239,"Lutz, Wil",PK,nor,a,mia,10,4700
4,2017,6172,"Gano, Graham",PK,car,a,nwe,10,4900
4,2017,6204,"Walsh, Blair",PK,sea,h,ind,9,4800
4,2017,6225,"Boswell, Chris",PK,pit,a,bal,9,4600
4,2017,6209,"Hopkins, Dustin",PK,was,a,kan,9,4600
4,2017,6236,"Myers, Jason",PK,jac,a,nyj,8,4500
4,2017,6203,"Bullock, Randy",PK,cin,a,cle,8,4500
4,2017,6120,"Folk, Nick",PK,tam,h,nyg,7,4600
4,2017,6243,"Koo, Younghoe",PK,lac,h,phi,6,4500
4,2017,6194,"Bailey, Dan",PK,dal,h,lar,6,4900
4,2017,6159,"Prater, Matt",PK,det,a,min,6,4800
4,2017,6071,"Bryant, Matt",PK,atl,h,buf,5,5000
4,2017,6242,"Rosas, Aldrick",PK,nyg,a,tam,5,4500
4,2017,6037,"Vinatieri, Adam",PK,ind,a,sea,5,4500
4,2017,6104,"Crosby, Mason",PK,gnb,h,chi,5,5100
4,2017,6217,"Tavecchio, Giorgio",PK,oak,a,den,4,4900
4,2017,6206,"Tucker, Justin",PK,bal,h,pit,4,4800
4,2017,6169,"Succop, Ryan",PK,ten,a,hou,2,4600
4,2017,6166,"Barth, Connor",PK,chi,a,gnb,2,4500
4,2017,6208,"Forbath, Kai",PK,min,h,det,1,4700
4,2017,6240,"Gonzalez, Zane",PK,cle,h,cin,1,4500
4,2017,6230,"Parkey, Cody",PK,mia,h,nor,0,4600
5,2017,6423,"Butker, Harrison",PK,kan,a,hou,21,4500
5,2017,6037,"Vinatieri, Adam",PK,ind,h,sfo,18,4500
5,2017,6098,"Gostkowski, Stephen",PK,nwe,a,tam,15,5200
5,2017,6096,"Gould, Robbie",PK,sfo,a,ind,13,4500
5,2017,6206,"Tucker, Justin",PK,bal,a,oak,13,4800
5,2017,6204,"Walsh, Blair",PK,sea,a,lar,12,4800
5,2017,6422,"Elliott, Jake",PK,phi,h,ari,10,4700
5,2017,6172,"Gano, Graham",PK,car,a,det,10,5000
5,2017,6167,"Hauschka, Steven",PK,buf,a,cin,10,4800
5,2017,6095,"Novak, Nick",PK,lac,a,nyg,9,0
5,2017,6225,"Boswell, Chris",PK,pit,h,jac,9,4700
5,2017,6194,"Bailey, Dan",PK,dal,h,gnb,8,5100
5,2017,6208,"Forbath, Kai",PK,min,a,chi,8,4600
5,2017,6203,"Bullock, Randy",PK,cin,h,buf,8,4500
5,2017,6236,"Myers, Jason",PK,jac,a,pit,7,4600
5,2017,6229,"Catanzaro, Chandler",PK,nyj,a,cle,7,4600
5,2017,6159,"Prater, Matt",PK,det,h,car,6,4900
5,2017,6217,"Tavecchio, Giorgio",PK,oak,h,bal,5,4800
5,2017,6169,"Succop, Ryan",PK,ten,a,mia,5,4700
5,2017,6230,"Parkey, Cody",PK,mia,h,ten,5,4500
5,2017,6104,"Crosby, Mason",PK,gnb,a,dal,5,5000
5,2017,6205,"Zuerlein, Greg",PK,lar,h,sea,4,5300
5,2017,6240,"Gonzalez, Zane",PK,cle,h,nyj,2,4500
5,2017,6242,"Rosas, Aldrick",PK,nyg,h,lac,2,4500
5,2017,6120,"Folk, Nick",PK,tam,h,nwe,2,4500
5,2017,6241,"Fairbairn, Ka'imi",PK,hou,h,kan,2,4700
5,2017,6016,"Dawson, Phil",PK,ari,a,phi,1,4600
5,2017,6166,"Barth, Connor",PK,chi,h,min,1,4500
6,2017,6169,"Succop, Ryan",PK,ten,h,ind,21,4600
6,2017,6242,"Rosas, Aldrick",PK,nyg,a,den,14,4500
6,2017,6208,"Forbath, Kai",PK,min,h,gnb,13,4600
6,2017,6037,"Vinatieri, Adam",PK,ind,a,ten,12,4600
6,2017,6172,"Gano, Graham",PK,car,h,phi,12,4900
6,2017,6206,"Tucker, Justin",PK,bal,h,chi,12,4800
6,2017,6239,"Lutz, Wil",PK,nor,h,det,11,4700
6,2017,6422,"Elliott, Jake",PK,phi,a,car,11,4600
6,2017,6205,"Zuerlein, Greg",PK,lar,a,jac,11,5200
6,2017,6166,"Barth, Connor",PK,chi,a,bal,10,4500
6,2017,6230,"Parkey, Cody",PK,mia,a,atl,9,4500
6,2017,6209,"Hopkins, Dustin",PK,was,h,sfo,9,4700
6,2017,6159,"Prater, Matt",PK,det,a,nor,9,5000
6,2017,6016,"Dawson, Phil",PK,ari,h,tam,8,4500
6,2017,6096,"Gould, Robbie",PK,sfo,a,was,8,4500
6,2017,6423,"Butker, Harrison",PK,kan,h,pit,8,4700
6,2017,6071,"Bryant, Matt",PK,atl,h,mia,7,5200
6,2017,6236,"Myers, Jason",PK,jac,h,lar,6,4500
6,2017,6240,"Gonzalez, Zane",PK,cle,a,hou,6,4500
6,2017,6098,"Gostkowski, Stephen",PK,nwe,a,nyj,6,5300
6,2017,6241,"Fairbairn, Ka'imi",PK,hou,h,cle,6,4800
6,2017,6217,"Tavecchio, Giorgio",PK,oak,h,lac,5,4600
6,2017,6229,"Catanzaro, Chandler",PK,nyj,h,nwe,5,4500
6,2017,6095,"Novak, Nick",PK,lac,a,oak,5,4500
6,2017,6225,"Boswell, Chris",PK,pit,a,kan,5,4700
6,2017,6227,"McManus, Brandon",PK,den,h,nyg,4,4900
6,2017,6104,"Crosby, Mason",PK,gnb,a,min,4,4800
6,2017,6219,"Murray, Patrick",PK,tam,a,ari,1,0
7,2017,6208,"Forbath, Kai",PK,min,h,bal,24,4700
7,2017,6225,"Boswell, Chris",PK,pit,h,cin,19,4800
7,2017,6205,"Zuerlein, Greg",PK,lar,h,ari,17,5200
7,2017,6169,"Succop, Ryan",PK,ten,a,cle,15,4700
7,2017,6167,"Hauschka, Steven",PK,buf,h,tam,14,4700
7,2017,6423,"Butker, Harrison",PK,kan,a,oak,14,4900
7,2017,6206,"Tucker, Justin",PK,bal,a,min,14,4700
7,2017,6422,"Elliott, Jake",PK,phi,h,was,13,4600
7,2017,6240,"Gonzalez, Zane",PK,cle,h,ten,12,4500
7,2017,6098,"Gostkowski, Stephen",PK,nwe,h,atl,11,5100
7,2017,6219,"Murray, Patrick",PK,tam,a,buf,11,4500
7,2017,6233,"Lambo, Josh",PK,jac,a,ind,10,0
7,2017,6239,"Lutz, Wil",PK,nor,a,gnb,9,4800
7,2017,6217,"Tavecchio, Giorgio",PK,oak,h,kan,7,4700
7,2017,6230,"Parkey, Cody",PK,mia,h,nyj,7,4600
7,2017,6204,"Walsh, Blair",PK,sea,a,nyg,6,4900
7,2017,6424,"Rose, Nick",PK,was,a,phi,6,0
7,2017,6104,"Crosby, Mason",PK,gnb,h,nor,6,4600
7,2017,6166,"Barth, Connor",PK,chi,h,car,5,4500
7,2017,6096,"Gould, Robbie",PK,sfo,h,dal,5,4500
7,2017,6229,"Catanzaro, Chandler",PK,nyj,a,mia,4,4600
7,2017,6095,"Novak, Nick",PK,lac,h,den,3,4500
7,2017,6172,"Gano, Graham",PK,car,a,chi,3,4800
7,2017,6194,"Bailey, Dan",PK,dal,a,sfo,2,5000
7,2017,6203,"Bullock, Randy",PK,cin,a,pit,2,4500
7,2017,6071,"Bryant, Matt",PK,atl,a,nwe,1,5300
7,2017,6242,"Rosas, Aldrick",PK,nyg,h,sea,1,4500
7,2017,6227,"McManus, Brandon",PK,den,a,lac,0,5000
7,2017,6016,"Dawson, Phil",PK,ari,a,lar,0,4600
8,2017,6423,"Butker, Harrison",PK,kan,h,den,21,5000
8,2017,6159,"Prater, Matt",PK,det,h,pit,18,5000
8,2017,6208,"Forbath, Kai",PK,min,a,cle,16,5100
8,2017,6093,"Nugent, Mike",PK,dal,a,was,16,0
8,2017,6071,"Bryant, Matt",PK,atl,a,nyj,14,5100
8,2017,6098,"Gostkowski, Stephen",PK,nwe,h,lac,14,5200
8,2017,6206,"Tucker, Justin",PK,bal,h,mia,13,4800
8,2017,6204,"Walsh, Blair",PK,sea,h,hou,11,4800
8,2017,6037,"Vinatieri, Adam",PK,ind,a,cin,11,4500
8,2017,6167,"Hauschka, Steven",PK,buf,h,oak,11,4800
8,2017,6239,"Lutz, Wil",PK,nor,h,chi,10,4900
8,2017,6229,"Catanzaro, Chandler",PK,nyj,h,atl,10,4600
8,2017,6422,"Elliott, Jake",PK,phi,h,sfo,10,4800
8,2017,6225,"Boswell, Chris",PK,pit,a,det,8,4900
8,2017,6424,"Rose, Nick",PK,was,h,dal,8,4600
8,2017,6241,"Fairbairn, Ka'imi",PK,hou,a,sea,8,4800
8,2017,6227,"McManus, Brandon",PK,den,a,kan,7,4800
8,2017,6166,"Barth, Connor",PK,chi,a,nor,7,4600
8,2017,6096,"Gould, Robbie",PK,sfo,a,phi,6,4500
8,2017,6203,"Bullock, Randy",PK,cin,h,ind,6,4600
8,2017,6172,"Gano, Graham",PK,car,a,tam,5,4900
8,2017,6240,"Gonzalez, Zane",PK,cle,h,min,4,4500
8,2017,6219,"Murray, Patrick",PK,tam,h,car,4,4600
8,2017,6217,"Tavecchio, Giorgio",PK,oak,a,buf,2,4600
8,2017,6095,"Novak, Nick",PK,lac,a,nwe,1,4500
8,2017,6230,"Parkey, Cody",PK,mia,a,bal,0,4500
9,2017,6205,"Zuerlein, Greg",PK,lar,a,nyg,17,5300
9,2017,6227,"McManus, Brandon",PK,den,a,phi,15,4700
9,2017,6233,"Lambo, Josh",PK,jac,h,cin,13,4700
9,2017,6159,"Prater, Matt",PK,det,a,gnb,13,4900
9,2017,6217,"Tavecchio, Giorgio",PK,oak,a,mia,11,4700
9,2017,6229,"Catanzaro, Chandler",PK,nyj,h,buf,11,4700
9,2017,6037,"Vinatieri, Adam",PK,ind,a,hou,10,4500
9,2017,6422,"Elliott, Jake",PK,phi,h,den,10,5000
9,2017,6172,"Gano, Graham",PK,car,h,atl,9,4800
9,2017,6206,"Tucker, Justin",PK,bal,a,ten,9,4900
9,2017,6016,"Dawson, Phil",PK,ari,a,sfo,8,4700
9,2017,6071,"Bryant, Matt",PK,atl,a,car,7,5000
9,2017,6242,"Rosas, Aldrick",PK,nyg,h,lar,7,4500
9,2017,6239,"Lutz, Wil",PK,nor,h,tam,7,5100
9,2017,6169,"Succop, Ryan",PK,ten,h,bal,6,4900
9,2017,6219,"Murray, Patrick",PK,tam,a,nor,6,4700
9,2017,6424,"Rose, Nick",PK,was,a,sea,5,4500
9,2017,6096,"Gould, Robbie",PK,sfo,h,ari,5,4500
9,2017,6230,"Parkey, Cody",PK,mia,h,oak,5,4500
9,2017,6104,"Crosby, Mason",PK,gnb,h,det,5,4700
9,2017,6423,"Butker, Harrison",PK,kan,a,dal,5,5200
9,2017,6093,"Nugent, Mike",PK,dal,h,kan,4,4600
9,2017,6167,"Hauschka, Steven",PK,buf,a,nyj,3,4800
9,2017,6241,"Fairbairn, Ka'imi",PK,hou,h,ind,2,5000
9,2017,6425,"Koehn, Marshall",PK,cin,a,jac,1,0
9,2017,6204,"Walsh, Blair",PK,sea,h,was,0,4700
10,2017,6205,"Zuerlein, Greg",PK,lar,h,hou,17,5400
10,2017,6424,"Rose, Nick",PK,was,h,min,14,4600
10,2017,6104,"Crosby, Mason",PK,gnb,a,chi,14,4600
10,2017,6239,"Lutz, Wil",PK,nor,a,buf,13,4900
10,2017,6166,"Barth, Connor",PK,chi,h,gnb,13,4600
10,2017,6071,"Bryant, Matt",PK,atl,h,dal,11,5000
10,2017,6098,"Gostkowski, Stephen",PK,nwe,a,den,11,5000
10,2017,6227,"McManus, Brandon",PK,den,h,nwe,10,4700
10,2017,6208,"Forbath, Kai",PK,min,a,was,10,4800
10,2017,6172,"Gano, Graham",PK,car,h,mia,10,4900
10,2017,6219,"Murray, Patrick",PK,tam,h,nyj,10,4600
10,2017,6242,"Rosas, Aldrick",PK,nyg,a,sfo,9,4600
10,2017,6204,"Walsh, Blair",PK,sea,a,ari,9,4800
10,2017,6159,"Prater, Matt",PK,det,h,cle,9,5100
10,2017,6096,"Gould, Robbie",PK,sfo,h,nyg,8,4500
10,2017,6095,"Novak, Nick",PK,lac,a,jac,7,4500
10,2017,6169,"Succop, Ryan",PK,ten,h,cin,7,4800
10,2017,6225,"Boswell, Chris",PK,pit,a,ind,7,4800
10,2017,6233,"Lambo, Josh",PK,jac,h,lac,6,4800
10,2017,6240,"Gonzalez, Zane",PK,cle,a,det,6,4500
10,2017,6037,"Vinatieri, Adam",PK,ind,h,pit,6,4700
10,2017,6229,"Catanzaro, Chandler",PK,nyj,a,tam,5,4600
10,2017,6016,"Dawson, Phil",PK,ari,h,sea,5,4500
10,2017,6167,"Hauschka, Steven",PK,buf,h,nor,4,4700
10,2017,6230,"Parkey, Cody",PK,mia,a,car,3,4500
10,2017,6203,"Bullock, Randy",PK,cin,a,ten,2,4500
10,2017,6241,"Fairbairn, Ka'imi",PK,hou,a,lar,1,4600
10,2017,6093,"Nugent, Mike",PK,dal,a,atl,1,4700
11,2017,6098,"Gostkowski, Stephen",PK,nwe,a,oak,20,5100
11,2017,6225,"Boswell, Chris",PK,pit,h,ten,19,4700
11,2017,6095,"Novak, Nick",PK,lac,h,buf,18,4500
11,2017,6239,"Lutz, Wil",PK,nor,h,was,17,5000
11,2017,6204,"Walsh, Blair",PK,sea,h,atl,12,4700
11,2017,6219,"Murray, Patrick",PK,tam,h,-,12,4500
11,2017,6071,"Bryant, Matt",PK,atl,a,sea,11,4800
11,2017,6093,"Nugent, Mike",PK,dal,h,phi,11,4800
11,2017,6159,"Prater, Matt",PK,det,a,chi,11,5000
11,2017,6206,"Tucker, Justin",PK,bal,a,gnb,11,4900
11,2017,6423,"Butker, Harrison",PK,kan,a,nyg,9,5100
11,2017,6230,"Parkey, Cody",PK,mia,h,-,8,4500
11,2017,6167,"Hauschka, Steven",PK,buf,a,lac,8,4700
11,2017,6233,"Lambo, Josh",PK,jac,a,cle,7,4600
11,2017,6424,"Rose, Nick",PK,was,a,nor,7,4700
11,2017,6241,"Fairbairn, Ka'imi",PK,hou,h,ari,7,4500
11,2017,6227,"McManus, Brandon",PK,den,h,cin,6,4800
11,2017,6208,"Forbath, Kai",PK,min,h,lar,6,4800
11,2017,6242,"Rosas, Aldrick",PK,nyg,h,kan,6,4500
11,2017,6169,"Succop, Ryan",PK,ten,a,pit,6,4700
11,2017,6166,"Barth, Connor",PK,chi,h,det,6,4500
11,2017,6016,"Dawson, Phil",PK,ari,a,hou,3,4600
11,2017,6203,"Bullock, Randy",PK,cin,a,den,2,4500
11,2017,6240,"Gonzalez, Zane",PK,cle,h,jac,1,4500
11,2017,6422,"Elliott, Jake",PK,phi,a,dal,1,5100
11,2017,6205,"Zuerlein, Greg",PK,lar,a,min,1,5300
11,2017,6217,"Tavecchio, Giorgio",PK,oak,h,nwe,0,4700
11,2017,6104,"Crosby, Mason",PK,gnb,h,bal,0,4500
12,2017,6205,"Zuerlein, Greg",PK,lar,h,nor,18,5200
12,2017,6016,"Dawson, Phil",PK,ari,h,jac,17,4500
12,2017,6206,"Tucker, Justin",PK,bal,h,hou,14,4800
12,2017,6167,"Hauschka, Steven",PK,buf,a,kan,13,4600
12,2017,6159,"Prater, Matt",PK,det,h,min,13,5100
12,2017,6203,"Bullock, Randy",PK,cin,h,cle,13,4500
12,2017,6071,"Bryant, Matt",PK,atl,h,tam,11,4900
12,2017,6037,"Vinatieri, Adam",PK,ind,h,ten,11,4700
12,2017,6172,"Gano, Graham",PK,car,a,nyj,11,4900
12,2017,6240,"Gonzalez, Zane",PK,cle,a,cin,10,4500
12,2017,6239,"Lutz, Wil",PK,nor,a,lar,10,5100
12,2017,6241,"Fairbairn, Ka'imi",PK,hou,a,bal,10,4500
12,2017,6229,"Catanzaro, Chandler",PK,nyj,h,car,9,4600
12,2017,6169,"Succop, Ryan",PK,ten,a,ind,9,4800
12,2017,6422,"Elliott, Jake",PK,phi,h,chi,8,5000
12,2017,6424,"Rose, Nick",PK,was,h,nyg,8,4700
12,2017,6096,"Gould, Robbie",PK,sfo,h,sea,8,4500
12,2017,6219,"Murray, Patrick",PK,tam,a,atl,8,4600
12,2017,6233,"Lambo, Josh",PK,jac,a,ari,7,4600
12,2017,6225,"Boswell, Chris",PK,pit,h,gnb,7,4800
12,2017,6208,"Forbath, Kai",PK,min,a,det,6,4900
12,2017,6204,"Walsh, Blair",PK,sea,a,sfo,6,4800
12,2017,6098,"Gostkowski, Stephen",PK,nwe,h,mia,5,5200
12,2017,6230,"Parkey, Cody",PK,mia,a,nwe,5,4500
12,2017,6423,"Butker, Harrison",PK,kan,h,buf,5,5000
12,2017,6242,"Rosas, Aldrick",PK,nyg,a,was,4,4500
12,2017,6104,"Crosby, Mason",PK,gnb,a,pit,4,4500
12,2017,6217,"Tavecchio, Giorgio",PK,oak,h,den,3,4500
12,2017,6095,"Novak, Nick",PK,lac,a,dal,3,4600
12,2017,6224,"Santos, Cairo",PK,chi,a,phi,3,0
12,2017,6227,"McManus, Brandon",PK,den,a,oak,2,4600
12,2017,6194,"Bailey, Dan",PK,dal,h,lac,0,4800
13,2017,6205,"Zuerlein, Greg",PK,lar,a,ari,17,5300
13,2017,6206,"Tucker, Justin",PK,bal,h,det,17,5000
13,2017,6096,"Gould, Robbie",PK,sfo,a,chi,15,4500
13,2017,6232,"Coons, Travis",PK,lac,h,cle,14,0
13,2017,6229,"Catanzaro, Chandler",PK,nyj,h,kan,13,4600
13,2017,6098,"Gostkowski, Stephen",PK,nwe,a,buf,13,5200
13,2017,6225,"Boswell, Chris",PK,pit,a,cin,11,4900
13,2017,6233,"Lambo, Josh",PK,jac,h,ind,10,4600
13,2017,6071,"Bryant, Matt",PK,atl,h,min,10,4900
13,2017,6203,"Bullock, Randy",PK,cin,h,pit,9,4600
13,2017,6194,"Bailey, Dan",PK,dal,h,was,8,4700
13,2017,6241,"Fairbairn, Ka'imi",PK,hou,a,ten,8,4600
13,2017,6219,"Murray, Patrick",PK,tam,a,gnb,8,4600
13,2017,6104,"Crosby, Mason",PK,gnb,h,tam,8,4600
13,2017,6242,"Rosas, Aldrick",PK,nyg,a,oak,7,4500
13,2017,6239,"Lutz, Wil",PK,nor,h,car,7,5000
13,2017,6204,"Walsh, Blair",PK,sea,h,phi,7,4600
13,2017,6169,"Succop, Ryan",PK,ten,h,hou,7,4800
13,2017,6230,"Parkey, Cody",PK,mia,h,den,7,4500
13,2017,6423,"Butker, Harrison",PK,kan,a,nyj,7,4900
13,2017,6217,"Tavecchio, Giorgio",PK,oak,h,nyg,6,4700
13,2017,6016,"Dawson, Phil",PK,ari,h,lar,6,4500
13,2017,6240,"Gonzalez, Zane",PK,cle,a,lac,4,4500
13,2017,6037,"Vinatieri, Adam",PK,ind,a,jac,4,4700
13,2017,6422,"Elliott, Jake",PK,phi,a,sea,4,5100
13,2017,6167,"Hauschka, Steven",PK,buf,h,nwe,4,4600
13,2017,6227,"McManus, Brandon",PK,den,a,mia,3,4700
13,2017,6172,"Gano, Graham",PK,car,a,nor,3,4900
13,2017,6208,"Forbath, Kai",PK,min,a,atl,2,4700
13,2017,6224,"Santos, Cairo",PK,chi,h,sfo,2,4600
13,2017,6424,"Rose, Nick",PK,was,a,dal,2,4600
13,2017,6159,"Prater, Matt",PK,det,a,bal,2,5100
14,2017,6225,"Boswell, Chris",PK,pit,h,bal,19,4800
14,2017,6096,"Gould, Robbie",PK,sfo,a,hou,17,4500
14,2017,6423,"Butker, Harrison",PK,kan,h,oak,17,4800
14,2017,6227,"McManus, Brandon",PK,den,h,nyj,14,4600
14,2017,6233,"Lambo, Josh",PK,jac,h,sea,14,4700
14,2017,6422,"Elliott, Jake",PK,phi,a,lar,14,5100
14,2017,6016,"Dawson, Phil",PK,ari,h,ten,13,4500
14,2017,6232,"Coons, Travis",PK,lac,h,was,12,4500
14,2017,6208,"Forbath, Kai",PK,min,a,car,10,4600
14,2017,6071,"Bryant, Matt",PK,atl,h,nor,10,5000
14,2017,6230,"Parkey, Cody",PK,mia,h,nwe,10,4500
14,2017,6098,"Gostkowski, Stephen",PK,nwe,a,mia,9,5200
14,2017,6093,"Nugent, Mike",PK,chi,a,cin,9,0
14,2017,6206,"Tucker, Justin",PK,bal,a,pit,9,5100
14,2017,6172,"Gano, Graham",PK,car,h,min,8,4800
14,2017,6159,"Prater, Matt",PK,det,a,tam,7,5000
14,2017,6194,"Bailey, Dan",PK,dal,a,nyg,6,4800
14,2017,6204,"Walsh, Blair",PK,sea,a,jac,6,4600
14,2017,6241,"Fairbairn, Ka'imi",PK,hou,h,sfo,6,4700
14,2017,6239,"Lutz, Wil",PK,nor,a,atl,5,5100
14,2017,6205,"Zuerlein, Greg",PK,lar,h,phi,5,5200
14,2017,6242,"Rosas, Aldrick",PK,nyg,h,dal,4,4500
14,2017,6240,"Gonzalez, Zane",PK,cle,h,gnb,3,4500
14,2017,6219,"Murray, Patrick",PK,tam,h,det,3,4500
14,2017,6104,"Crosby, Mason",PK,gnb,a,cle,3,4800
14,2017,6217,"Tavecchio, Giorgio",PK,oak,a,kan,1,4600
14,2017,6037,"Vinatieri, Adam",PK,ind,a,buf,1,4600
14,2017,6169,"Succop, Ryan",PK,ten,a,ari,1,4700
14,2017,6424,"Rose, Nick",PK,was,a,lac,1,4600
14,2017,6167,"Hauschka, Steven",PK,buf,h,ind,1,4800
14,2017,6203,"Bullock, Randy",PK,cin,h,chi,1,4600
14,2017,6229,"Catanzaro, Chandler",PK,nyj,a,den,0,4600
15,2017,6096,"Gould, Robbie",PK,sfo,h,ten,24,4500
15,2017,6016,"Dawson, Phil",PK,ari,a,was,16,4500
15,2017,6169,"Succop, Ryan",PK,ten,a,sfo,14,4800
15,2017,6423,"Butker, Harrison",PK,kan,h,lac,14,4700
15,2017,6208,"Forbath, Kai",PK,min,h,cin,12,4700
15,2017,6230,"Parkey, Cody",PK,mia,a,buf,11,4500
15,2017,6422,"Elliott, Jake",PK,phi,a,nyg,10,5100
15,2017,6205,"Zuerlein, Greg",PK,lar,a,sea,10,5300
15,2017,6206,"Tucker, Justin",PK,bal,a,cle,10,5100
15,2017,6194,"Bailey, Dan",PK,dal,a,oak,9,4700
15,2017,6233,"Lambo, Josh",PK,jac,h,hou,9,4700
15,2017,6159,"Prater, Matt",PK,det,h,chi,9,5000
15,2017,6071,"Bryant, Matt",PK,atl,a,tam,8,4900
15,2017,6098,"Gostkowski, Stephen",PK,nwe,a,pit,8,5000
15,2017,6037,"Vinatieri, Adam",PK,ind,h,den,8,4500
15,2017,6225,"Boswell, Chris",PK,pit,h,nwe,8,4800
15,2017,6209,"Hopkins, Dustin",PK,was,h,ari,8,0
15,2017,6239,"Lutz, Wil",PK,nor,h,nyj,7,5200
15,2017,6229,"Catanzaro, Chandler",PK,nyj,a,nor,7,4600
15,2017,6172,"Gano, Graham",PK,car,h,gnb,7,4700
15,2017,6227,"McManus, Brandon",PK,den,a,ind,6,4600
15,2017,6167,"Hauschka, Steven",PK,buf,h,mia,6,4700
15,2017,6104,"Crosby, Mason",PK,gnb,a,car,6,4700
15,2017,6217,"Tavecchio, Giorgio",PK,oak,h,dal,5,4600
15,2017,6240,"Gonzalez, Zane",PK,cle,h,bal,5,4500
15,2017,6242,"Rosas, Aldrick",PK,nyg,h,phi,5,4500
15,2017,6093,"Nugent, Mike",PK,chi,a,det,5,4500
15,2017,6219,"Murray, Patrick",PK,tam,h,atl,3,4600
15,2017,6204,"Walsh, Blair",PK,sea,h,lar,1,4700
15,2017,6232,"Coons, Travis",PK,lac,a,kan,1,4700
15,2017,6241,"Fairbairn, Ka'imi",PK,hou,a,jac,1,4700
15,2017,6203,"Bullock, Randy",PK,cin,a,min,1,4500
16,2017,6423,"Butker, Harrison",PK,kan,h,mia,18,4900
16,2017,6194,"Bailey, Dan",PK,dal,h,sea,16,4800
16,2017,6203,"Bullock, Randy",PK,cin,h,det,16,4600
16,2017,6098,"Gostkowski, Stephen",PK,nwe,h,buf,14,5200
16,2017,6219,"Murray, Patrick",PK,tam,a,car,14,4500
16,2017,6239,"Lutz, Wil",PK,nor,h,atl,13,5100
16,2017,6208,"Forbath, Kai",PK,min,a,gnb,11,5000
16,2017,6037,"Vinatieri, Adam",PK,ind,a,bal,11,4500
16,2017,6169,"Succop, Ryan",PK,ten,h,lar,11,4700
16,2017,6167,"Hauschka, Steven",PK,buf,a,nwe,11,4800
16,2017,6206,"Tucker, Justin",PK,bal,h,ind,11,5300
16,2017,6225,"Boswell, Chris",PK,pit,a,hou,10,4900
16,2017,6172,"Gano, Graham",PK,car,h,tam,10,4800
16,2017,6209,"Hopkins, Dustin",PK,was,h,den,9,4500
16,2017,6071,"Bryant, Matt",PK,atl,a,nor,8,5000
16,2017,6422,"Elliott, Jake",PK,phi,h,oak,8,4900
16,2017,6096,"Gould, Robbie",PK,sfo,h,jac,8,4700
16,2017,6230,"Parkey, Cody",PK,mia,a,kan,8,4500
16,2017,6233,"Lambo, Josh",PK,jac,a,sfo,6,4800
16,2017,6016,"Dawson, Phil",PK,ari,h,nyg,5,4600
16,2017,6159,"Prater, Matt",PK,det,a,cin,5,5100
16,2017,6217,"Tavecchio, Giorgio",PK,oak,a,phi,4,4500
16,2017,6240,"Gonzalez, Zane",PK,cle,a,chi,4,4500
16,2017,6227,"McManus, Brandon",PK,den,a,was,3,4700
16,2017,6204,"Walsh, Blair",PK,sea,a,dal,3,4700
16,2017,6426,"Ficken, Sam",PK,lar,a,ten,3,0
16,2017,6424,"Rose, Nick",PK,lac,a,nyj,2,0
16,2017,6093,"Nugent, Mike",PK,chi,h,cle,2,4500
16,2017,6229,"Catanzaro, Chandler",PK,nyj,h,lac,1,4500
16,2017,6242,"Rosas, Aldrick",PK,nyg,a,ari,0,4500
16,2017,6241,"Fairbairn, Ka'imi",PK,hou,h,pit,0,4500
16,2017,6104,"Crosby, Mason",PK,gnb,h,min,0,4700
17,2017,6071,"Bryant, Matt",PK,atl,h,car,19,5000
17,2017,6016,"Dawson, Phil",PK,ari,a,sea,19,4500
17,2017,6096,"Gould, Robbie",PK,sfo,a,lar,11,4800
17,2017,6167,"Hauschka, Steven",PK,buf,a,mia,11,4900
17,2017,6037,"Vinatieri, Adam",PK,ind,h,hou,10,4600
17,2017,6241,"Fairbairn, Ka'imi",PK,hou,a,ind,10,4700
17,2017,6206,"Tucker, Justin",PK,bal,h,cin,10,5000
17,2017,6169,"Succop, Ryan",PK,ten,h,jac,9,4600
17,2017,6159,"Prater, Matt",PK,det,h,gnb,9,5200
17,2017,6423,"Butker, Harrison",PK,kan,a,den,9,4800
17,2017,6240,"Gonzalez, Zane",PK,cle,a,pit,8,4500
17,2017,6239,"Lutz, Wil",PK,nor,a,tam,7.4,5100
17,2017,6204,"Walsh, Blair",PK,sea,h,ari,7,4800
17,2017,6229,"Catanzaro, Chandler",PK,nyj,a,nwe,7,4600
17,2017,6203,"Bullock, Randy",PK,cin,a,bal,7,4500
17,2017,6426,"Ficken, Sam",PK,lar,h,sfo,7,4500
17,2017,6227,"McManus, Brandon",PK,den,h,kan,6,4600
17,2017,6242,"Rosas, Aldrick",PK,nyg,h,was,6,4500
17,2017,6098,"Gostkowski, Stephen",PK,nwe,h,nyj,6,5300
17,2017,6424,"Rose, Nick",PK,lac,h,oak,6,4600
17,2017,6093,"Nugent, Mike",PK,chi,a,min,6,4500
17,2017,6219,"Murray, Patrick",PK,tam,h,nor,6,4600
17,2017,6217,"Tavecchio, Giorgio",PK,oak,a,lac,5,4500
17,2017,6233,"Lambo, Josh",PK,jac,a,ten,5,4800
17,2017,6172,"Gano, Graham",PK,car,a,atl,5,4800
17,2017,6209,"Hopkins, Dustin",PK,was,a,nyg,5,4700
17,2017,6225,"Boswell, Chris",PK,pit,h,cle,4,5100
17,2017,6230,"Parkey, Cody",PK,mia,h,buf,4,4600
17,2017,6104,"Crosby, Mason",PK,gnb,a,det,4,4600
17,2017,6208,"Forbath, Kai",PK,min,h,chi,3,5000
17,2017,6194,"Bailey, Dan",PK,dal,a,phi,0,4700
17,2017,6422,"Elliott, Jake",PK,phi,h,dal,0,5000
2,2018,6104,"Crosby, Mason",PK,gnb,h,min,19,
2,2018,6096,"Gould, Robbie",PK,sfo,h,det,14,
2,2018,6209,"Hopkins, Dustin",PK,was,h,ind,11,
2,2018,6203,"Bullock, Randy",PK,cin,h,bal,11,
2,2018,6167,"Hauschka, Steven",PK,buf,h,lac,10,
2,2018,6159,"Prater, Matt",PK,det,a,sfo,10,
2,2018,6236,"Myers, Jason",PK,nyj,h,mia,9,
2,2018,6098,"Gostkowski, Stephen",PK,nwe,a,jac,9,
2,2018,6169,"Succop, Ryan",PK,ten,h,hou,9,
2,2018,6429,"Maher, Brett",PK,dal,h,nyg,8,
2,2018,6227,"McManus, Brandon",PK,den,h,oak,8,
2,2018,6071,"Bryant, Matt",PK,atl,h,car,8,
2,2018,6239,"Lutz, Wil",PK,nor,h,cle,8,
2,2018,6172,"Gano, Graham",PK,car,a,atl,8,
2,2018,6093,"Nugent, Mike",PK,oak,a,den,8,
2,2018,6233,"Lambo, Josh",PK,jac,h,nwe,7,
2,2018,6242,"Rosas, Aldrick",PK,nyg,a,dal,7,
2,2018,6211,"Sturgis, Caleb",PK,lac,a,buf,7,
2,2018,6048,"Janikowski, Sebastian",PK,sea,a,chi,7,
2,2018,6206,"Tucker, Justin",PK,bal,a,cin,7,
2,2018,6240,"Gonzalez, Zane",PK,cle,a,nor,6,
2,2018,6230,"Parkey, Cody",PK,chi,h,sea,6,
2,2018,6423,"Butker, Harrison",PK,kan,a,pit,6,
2,2018,6241,"Fairbairn, Ka'imi",PK,hou,a,ten,5,
2,2018,6229,"Catanzaro, Chandler",PK,tam,h,phi,3,
2,2018,6037,"Vinatieri, Adam",PK,ind,a,was,3,
2,2018,6422,"Elliott, Jake",PK,phi,a,tam,3,
2,2018,6225,"Boswell, Chris",PK,pit,h,kan,3,
2,2018,6428,"Carlson, Daniel",PK,min,a,gnb,3,
2,2018,6427,"Sanders, Jason",PK,mia,a,nyj,2,
3,2018,6239,"Lutz, Wil",PK,nor,a,atl,15,
3,2018,6159,"Prater, Matt",PK,det,h,nwe,14,
3,2018,6206,"Tucker, Justin",PK,bal,h,den,13,
3,2018,6230,"Parkey, Cody",PK,chi,a,ari,12,
3,2018,6241,"Fairbairn, Ka'imi",PK,hou,h,nyg,12,
3,2018,6167,"Hauschka, Steven",PK,buf,a,min,11,
3,2018,6242,"Rosas, Aldrick",PK,nyg,a,hou,10,
3,2018,6037,"Vinatieri, Adam",PK,ind,a,phi,10,
3,2018,6093,"Nugent, Mike",PK,oak,a,mia,10,
3,2018,6429,"Maher, Brett",PK,dal,a,sea,9,
3,2018,6229,"Catanzaro, Chandler",PK,tam,h,pit,9,
3,2018,6169,"Succop, Ryan",PK,ten,a,jac,9,
3,2018,6430,"Joseph, Greg",PK,cle,h,nyj,8,
3,2018,6422,"Elliott, Jake",PK,phi,h,ind,8,
3,2018,6172,"Gano, Graham",PK,car,h,cin,8,
3,2018,6423,"Butker, Harrison",PK,kan,h,sfo,8,
3,2018,6233,"Lambo, Josh",PK,jac,h,ten,7,
3,2018,6096,"Gould, Robbie",PK,sfo,a,kan,7,
3,2018,6209,"Hopkins, Dustin",PK,was,h,gnb,7,
3,2018,6048,"Janikowski, Sebastian",PK,sea,h,dal,7,
3,2018,6225,"Boswell, Chris",PK,pit,a,tam,6,
3,2018,6104,"Crosby, Mason",PK,gnb,a,was,6,
3,2018,6236,"Myers, Jason",PK,nyj,a,cle,5,
3,2018,6211,"Sturgis, Caleb",PK,lac,a,lar,5,
3,2018,6426,"Ficken, Sam",PK,lar,h,lac,5,
3,2018,6098,"Gostkowski, Stephen",PK,nwe,a,det,4,
3,2018,6427,"Sanders, Jason",PK,mia,h,oak,4,
3,2018,6071,"Bryant, Matt",PK,atl,h,nor,3,
3,2018,6203,"Bullock, Randy",PK,cin,a,car,3,
3,2018,6227,"McManus, Brandon",PK,den,a,bal,2,
3,2018,6016,"Dawson, Phil",PK,ari,h,chi,2,
4,2018,6239,"Lutz, Wil",PK,nor,a,nyg,16,
4,2018,6206,"Tucker, Justin",PK,bal,a,pit,16,
4,2018,6429,"Maher, Brett",PK,dal,h,det,15,
4,2018,6230,"Parkey, Cody",PK,chi,h,tam,15,
4,2018,6071,"Bryant, Matt",PK,atl,h,cin,14,
4,2018,6431,"McCrane, Matthew",PK,oak,h,cle,14,
4,2018,6241,"Fairbairn, Ka'imi",PK,hou,a,ind,14,
4,2018,6104,"Crosby, Mason",PK,gnb,h,buf,14,
4,2018,6227,"McManus, Brandon",PK,den,h,kan,13,
4,2018,6233,"Lambo, Josh",PK,jac,h,nyj,13,
4,2018,6194,"Bailey, Dan",PK,min,a,lar,12,
4,2018,6422,"Elliott, Jake",PK,phi,a,ten,11,
4,2018,6048,"Janikowski, Sebastian",PK,sea,a,ari,11,
4,2018,6037,"Vinatieri, Adam",PK,ind,h,hou,10,
4,2018,6211,"Sturgis, Caleb",PK,lac,h,sfo,10,
4,2018,6169,"Succop, Ryan",PK,ten,h,phi,9,
4,2018,6096,"Gould, Robbie",PK,sfo,a,lac,9,
4,2018,6423,"Butker, Harrison",PK,kan,a,den,9,
4,2018,6430,"Joseph, Greg",PK,cle,a,oak,8,
4,2018,6098,"Gostkowski, Stephen",PK,nwe,h,mia,8,
4,2018,6426,"Ficken, Sam",PK,lar,h,min,8,
4,2018,6203,"Bullock, Randy",PK,cin,a,atl,7,
4,2018,6236,"Myers, Jason",PK,nyj,a,jac,6,
4,2018,6225,"Boswell, Chris",PK,pit,h,bal,6,
4,2018,6159,"Prater, Matt",PK,det,a,dal,6,
4,2018,6016,"Dawson, Phil",PK,ari,h,sea,5,
4,2018,6242,"Rosas, Aldrick",PK,nyg,h,nor,4,
4,2018,6229,"Catanzaro, Chandler",PK,tam,a,chi,4,
4,2018,6427,"Sanders, Jason",PK,mia,a,nwe,1,
5,2018,6172,"Gano, Graham",PK,car,h,nyg,19,
5,2018,6169,"Succop, Ryan",PK,ten,a,buf,16,
5,2018,6242,"Rosas, Aldrick",PK,nyg,a,car,14,
5,2018,6194,"Bailey, Dan",PK,min,a,phi,13,
5,2018,6241,"Fairbairn, Ka'imi",PK,hou,h,dal,13,
5,2018,6423,"Butker, Harrison",PK,kan,h,jac,13,
5,2018,6429,"Maher, Brett",PK,dal,a,hou,12,
5,2018,6236,"Myers, Jason",PK,nyj,h,den,11,
5,2018,6203,"Bullock, Randy",PK,cin,h,mia,11,
5,2018,6206,"Tucker, Justin",PK,bal,a,cle,10,
5,2018,6098,"Gostkowski, Stephen",PK,nwe,h,ind,9,
5,2018,6224,"Santos, Cairo",PK,lar,a,sea,9,
5,2018,6211,"Sturgis, Caleb",PK,lac,h,oak,9,
5,2018,6167,"Hauschka, Steven",PK,buf,h,ten,9,
5,2018,6209,"Hopkins, Dustin",PK,was,a,nor,9,
5,2018,6048,"Janikowski, Sebastian",PK,sea,h,lar,9,
5,2018,6239,"Lutz, Wil",PK,nor,h,was,8,
5,2018,6037,"Vinatieri, Adam",PK,ind,a,nwe,8,
5,2018,6422,"Elliott, Jake",PK,phi,h,min,7,
5,2018,6159,"Prater, Matt",PK,det,h,gnb,7,
5,2018,6071,"Bryant, Matt",PK,atl,a,pit,6,
5,2018,6430,"Joseph, Greg",PK,cle,h,bal,6,
5,2018,6427,"Sanders, Jason",PK,mia,a,cin,6,
5,2018,6225,"Boswell, Chris",PK,pit,h,atl,5,
5,2018,6227,"McManus, Brandon",PK,den,a,nyj,4,
5,2018,6016,"Dawson, Phil",PK,ari,a,sfo,4,
5,2018,6431,"McCrane, Matthew",PK,oak,a,lac,4,
5,2018,6104,"Crosby, Mason",PK,gnb,a,det,4,
5,2018,6233,"Lambo, Josh",PK,jac,a,kan,2,
6,2018,6236,"Myers, Jason",PK,nyj,h,ind,27,
6,2018,6098,"Gostkowski, Stephen",PK,nwe,h,kan,22,
6,2018,6429,"Maher, Brett",PK,dal,h,jac,21,
6,2018,6423,"Butker, Harrison",PK,kan,a,nwe,18,
6,2018,6104,"Crosby, Mason",PK,gnb,h,sfo,17,
6,2018,6096,"Gould, Robbie",PK,sfo,a,gnb,15,
6,2018,6427,"Sanders, Jason",PK,mia,h,chi,14,
6,2018,6209,"Hopkins, Dustin",PK,was,h,car,14,
6,2018,6071,"Bryant, Matt",PK,atl,h,tam,13,
6,2018,6224,"Santos, Cairo",PK,lar,a,den,11,
6,2018,6194,"Bailey, Dan",PK,min,h,ari,10,
6,2018,6037,"Vinatieri, Adam",PK,ind,a,nyj,10,
6,2018,6422,"Elliott, Jake",PK,phi,a,nyg,10,
6,2018,6048,"Janikowski, Sebastian",PK,sea,a,oak,10,
6,2018,6167,"Hauschka, Steven",PK,buf,a,hou,9,
6,2018,6432,"Badgley, Mike",PK,lac,a,cle,9,
6,2018,6227,"McManus, Brandon",PK,den,h,lar,8,
6,2018,6225,"Boswell, Chris",PK,pit,a,cin,8,
6,2018,6241,"Fairbairn, Ka'imi",PK,hou,h,buf,8,
6,2018,6242,"Rosas, Aldrick",PK,nyg,h,phi,7,
6,2018,6430,"Joseph, Greg",PK,cle,h,lac,6,
6,2018,6229,"Catanzaro, Chandler",PK,tam,a,atl,5,
6,2018,6016,"Dawson, Phil",PK,ari,a,min,5,
6,2018,6431,"McCrane, Matthew",PK,oak,h,sea,4,
6,2018,6230,"Parkey, Cody",PK,chi,a,mia,4,
6,2018,6172,"Gano, Graham",PK,car,a,was,3,
6,2018,6203,"Bullock, Randy",PK,cin,h,pit,3,
6,2018,6206,"Tucker, Justin",PK,bal,a,ten,3,
6,2018,6233,"Lambo, Josh",PK,jac,a,dal,1,
7,2018,6217,"Tavecchio, Giorgio",PK,atl,h,nyg,16,
7,2018,6159,"Prater, Matt",PK,det,a,mia,16,
7,2018,6194,"Bailey, Dan",PK,min,a,nyj,14,
7,2018,6205,"Zuerlein, Greg",PK,lar,a,sfo,13,
7,2018,6227,"McManus, Brandon",PK,den,a,ari,10,
7,2018,6229,"Catanzaro, Chandler",PK,tam,h,cle,10,
7,2018,6241,"Fairbairn, Ka'imi",PK,hou,a,jac,10,
7,2018,6423,"Butker, Harrison",PK,kan,h,cin,9,
7,2018,6098,"Gostkowski, Stephen",PK,nwe,a,chi,8,
7,2018,6230,"Parkey, Cody",PK,chi,h,nwe,8,
7,2018,6209,"Hopkins, Dustin",PK,was,h,dal,8,
7,2018,6432,"Badgley, Mike",PK,lac,h,ten,8,
7,2018,6236,"Myers, Jason",PK,nyj,h,min,7,
7,2018,6169,"Succop, Ryan",PK,ten,a,lac,7,
7,2018,6429,"Maher, Brett",PK,dal,a,was,6,
7,2018,6242,"Rosas, Aldrick",PK,nyg,a,atl,6,
7,2018,6239,"Lutz, Wil",PK,nor,a,bal,6,
7,2018,6422,"Elliott, Jake",PK,phi,h,car,6,
7,2018,6096,"Gould, Robbie",PK,sfo,h,lar,6,
7,2018,6016,"Dawson, Phil",PK,ari,h,den,5,
7,2018,6037,"Vinatieri, Adam",PK,ind,h,buf,5,
7,2018,6206,"Tucker, Justin",PK,bal,h,nor,5,
7,2018,6203,"Bullock, Randy",PK,cin,a,kan,4,
7,2018,6430,"Joseph, Greg",PK,cle,a,tam,3,
7,2018,6427,"Sanders, Jason",PK,mia,h,det,3,
7,2018,6167,"Hauschka, Steven",PK,buf,a,ind,3,
7,2018,6233,"Lambo, Josh",PK,jac,h,hou,1,
7,2018,6172,"Gano, Graham",PK,car,a,phi,1,
8,2018,6233,"Lambo, Josh",PK,jac,h,phi,16,
8,2018,6239,"Lutz, Wil",PK,nor,a,min,16,
8,2018,6172,"Gano, Graham",PK,car,h,bal,15,
8,2018,6098,"Gostkowski, Stephen",PK,nwe,a,buf,14,
8,2018,6427,"Sanders, Jason",PK,mia,a,hou,13,
8,2018,6104,"Crosby, Mason",PK,gnb,a,lar,12,
8,2018,6037,"Vinatieri, Adam",PK,ind,a,oak,10,
8,2018,6209,"Hopkins, Dustin",PK,was,a,nyg,10,
8,2018,6167,"Hauschka, Steven",PK,buf,h,nwe,9,
8,2018,6229,"Catanzaro, Chandler",PK,tam,a,cin,8,
8,2018,6225,"Boswell, Chris",PK,pit,h,cle,8,
8,2018,6205,"Zuerlein, Greg",PK,lar,h,gnb,8,
8,2018,6203,"Bullock, Randy",PK,cin,h,tam,8,
8,2018,6242,"Rosas, Aldrick",PK,nyg,h,was,7,
8,2018,6430,"Joseph, Greg",PK,cle,a,pit,7,
8,2018,6096,"Gould, Robbie",PK,sfo,a,ari,7,
8,2018,6422,"Elliott, Jake",PK,phi,a,jac,6,
8,2018,6230,"Parkey, Cody",PK,chi,h,nyj,6,
8,2018,6241,"Fairbairn, Ka'imi",PK,hou,h,mia,6,
8,2018,6423,"Butker, Harrison",PK,kan,h,den,6,
8,2018,6236,"Myers, Jason",PK,nyj,a,chi,5,
8,2018,6227,"McManus, Brandon",PK,den,a,kan,5,
8,2018,6016,"Dawson, Phil",PK,ari,h,sfo,4,
8,2018,6048,"Janikowski, Sebastian",PK,sea,a,det,4,
8,2018,6428,"Carlson, Daniel",PK,oak,h,ind,4,
8,2018,6206,"Tucker, Justin",PK,bal,a,car,3,
8,2018,6194,"Bailey, Dan",PK,min,h,nor,2,
8,2018,6159,"Prater, Matt",PK,det,h,sea,2,
9,2018,6230,"Parkey, Cody",PK,chi,a,buf,12,
9,2018,6239,"Lutz, Wil",PK,nor,h,lar,11,
9,2018,6205,"Zuerlein, Greg",PK,lar,a,nor,11,
9,2018,6096,"Gould, Robbie",PK,sfo,h,oak,10,
9,2018,6206,"Tucker, Justin",PK,bal,h,pit,10,
9,2018,6236,"Myers, Jason",PK,nyj,a,mia,9,
9,2018,6159,"Prater, Matt",PK,det,a,min,9,
9,2018,6217,"Tavecchio, Giorgio",PK,atl,a,was,8,
9,2018,6427,"Sanders, Jason",PK,mia,h,nyj,8,
9,2018,6241,"Fairbairn, Ka'imi",PK,hou,a,den,8,
9,2018,6098,"Gostkowski, Stephen",PK,nwe,h,gnb,7,
9,2018,6423,"Butker, Harrison",PK,kan,a,cle,7,
9,2018,6194,"Bailey, Dan",PK,min,h,det,6,
9,2018,6227,"McManus, Brandon",PK,den,h,hou,6,
9,2018,6172,"Gano, Graham",PK,car,h,tam,6,
9,2018,6048,"Janikowski, Sebastian",PK,sea,h,lac,6,
9,2018,6430,"Joseph, Greg",PK,cle,h,kan,5,
9,2018,6225,"Boswell, Chris",PK,pit,a,bal,5,
9,2018,6104,"Crosby, Mason",PK,gnb,a,nwe,5,
9,2018,6229,"Catanzaro, Chandler",PK,tam,a,car,4,
9,2018,6169,"Succop, Ryan",PK,ten,a,dal,4,
9,2018,6167,"Hauschka, Steven",PK,buf,h,chi,4,
9,2018,6428,"Carlson, Daniel",PK,oak,a,sfo,3,
9,2018,6429,"Maher, Brett",PK,dal,h,ten,2,
9,2018,6209,"Hopkins, Dustin",PK,was,h,atl,2,
9,2018,6211,"Sturgis, Caleb",PK,lac,a,sea,1,
10,2018,6239,"Lutz, Wil",PK,nor,a,cin,17,
10,2018,6427,"Sanders, Jason",PK,mia,a,gnb,14,
10,2018,6096,"Gould, Robbie",PK,sfo,h,nyg,13,
10,2018,6167,"Hauschka, Steven",PK,buf,a,nyj,13,
10,2018,6225,"Boswell, Chris",PK,pit,h,car,12,
10,2018,6209,"Hopkins, Dustin",PK,was,a,tam,12,
10,2018,6205,"Zuerlein, Greg",PK,lar,h,sea,12,
10,2018,6233,"Lambo, Josh",PK,jac,a,ind,10,
10,2018,6169,"Succop, Ryan",PK,ten,h,nwe,10,
10,2018,6422,"Elliott, Jake",PK,phi,h,dal,10,
10,2018,6423,"Butker, Harrison",PK,kan,h,ari,10,
10,2018,6429,"Maher, Brett",PK,dal,a,phi,9,
10,2018,6242,"Rosas, Aldrick",PK,nyg,a,sfo,9,
10,2018,6432,"Badgley, Mike",PK,lac,a,oak,9,
10,2018,6104,"Crosby, Mason",PK,gnb,h,mia,7,
10,2018,6048,"Janikowski, Sebastian",PK,sea,a,lar,7,
10,2018,6428,"Carlson, Daniel",PK,oak,h,lac,7,
10,2018,6236,"Myers, Jason",PK,nyj,h,buf,6,
10,2018,6098,"Gostkowski, Stephen",PK,nwe,a,ten,6,
10,2018,6159,"Prater, Matt",PK,det,a,chi,6,
10,2018,6217,"Tavecchio, Giorgio",PK,atl,a,cle,5,
10,2018,6430,"Joseph, Greg",PK,cle,h,atl,4,
10,2018,6229,"Catanzaro, Chandler",PK,tam,h,was,3,
10,2018,6037,"Vinatieri, Adam",PK,ind,h,jac,3,
10,2018,6172,"Gano, Graham",PK,car,a,pit,3,
10,2018,6016,"Dawson, Phil",PK,ari,a,kan,2,
10,2018,6230,"Parkey, Cody",PK,chi,h,det,2,
10,2018,6203,"Bullock, Randy",PK,cin,h,nor,2,
11,2018,6071,"Bryant, Matt",PK,atl,h,dal,17,
11,2018,6429,"Maher, Brett",PK,dal,a,atl,13,
11,2018,6241,"Fairbairn, Ka'imi",PK,hou,a,was,13,
11,2018,6233,"Lambo, Josh",PK,jac,h,pit,12,
11,2018,6239,"Lutz, Wil",PK,nor,h,phi,12,
11,2018,6205,"Zuerlein, Greg",PK,lar,h,kan,12,
11,2018,6432,"Badgley, Mike",PK,lac,h,den,12,
11,2018,6206,"Tucker, Justin",PK,bal,h,cin,12,
11,2018,6428,"Carlson, Daniel",PK,oak,a,ari,12,
11,2018,6230,"Parkey, Cody",PK,chi,h,min,11,
11,2018,6242,"Rosas, Aldrick",PK,nyg,h,tam,10,
11,2018,6159,"Prater, Matt",PK,det,h,car,10,
11,2018,6048,"Janikowski, Sebastian",PK,sea,h,gnb,10,
11,2018,6423,"Butker, Harrison",PK,kan,a,lar,9,
11,2018,6037,"Vinatieri, Adam",PK,ind,h,ten,8,
11,2018,6194,"Bailey, Dan",PK,min,a,chi,6,
11,2018,6104,"Crosby, Mason",PK,gnb,a,sea,6,
11,2018,6227,"McManus, Brandon",PK,den,a,lac,5,
11,2018,6169,"Succop, Ryan",PK,ten,a,ind,5,
11,2018,6224,"Santos, Cairo",PK,tam,a,nyg,5,
11,2018,6431,"McCrane, Matthew",PK,pit,a,jac,3,
11,2018,6209,"Hopkins, Dustin",PK,was,h,hou,3,
11,2018,6203,"Bullock, Randy",PK,cin,a,bal,3,
11,2018,6225,"Boswell, Chris",PK,pit,a,jac,2,
11,2018,6422,"Elliott, Jake",PK,phi,a,nor,1,
11,2018,6172,"Gano, Graham",PK,car,a,det,1,
12,2018,6242,"Rosas, Aldrick",PK,nyg,a,phi,12,
12,2018,6241,"Fairbairn, Ka'imi",PK,hou,h,ten,12,
12,2018,6048,"Janikowski, Sebastian",PK,sea,a,car,12,
12,2018,6422,"Elliott, Jake",PK,phi,h,nyg,11,
12,2018,6206,"Tucker, Justin",PK,bal,h,oak,11,
12,2018,6225,"Boswell, Chris",PK,pit,a,den,10.08,
12,2018,6037,"Vinatieri, Adam",PK,ind,h,mia,10,
12,2018,6224,"Santos, Cairo",PK,tam,h,sfo,10,
12,2018,6236,"Myers, Jason",PK,nyj,h,nwe,9,
12,2018,6098,"Gostkowski, Stephen",PK,nwe,a,nyj,9,
12,2018,6172,"Gano, Graham",PK,car,h,sea,9,
12,2018,6432,"Badgley, Mike",PK,lac,h,ari,9,
12,2018,6429,"Maher, Brett",PK,dal,h,was,7,
12,2018,6227,"McManus, Brandon",PK,den,h,pit,7,
12,2018,6239,"Lutz, Wil",PK,nor,h,atl,7,
12,2018,6194,"Bailey, Dan",PK,min,h,gnb,6,
12,2018,6427,"Sanders, Jason",PK,mia,a,ind,6,
12,2018,6230,"Parkey, Cody",PK,chi,a,det,6,
12,2018,6167,"Hauschka, Steven",PK,buf,h,jac,6,
12,2018,6428,"Carlson, Daniel",PK,oak,a,bal,6,
12,2018,6071,"Bryant, Matt",PK,atl,a,nor,5,
12,2018,6430,"Joseph, Greg",PK,cle,a,cin,5,
12,2018,6169,"Succop, Ryan",PK,ten,a,hou,5,
12,2018,6209,"Hopkins, Dustin",PK,was,a,dal,5,
12,2018,6104,"Crosby, Mason",PK,gnb,a,min,5,
12,2018,6016,"Dawson, Phil",PK,ari,a,lac,4,
12,2018,6159,"Prater, Matt",PK,det,h,chi,4,
12,2018,6233,"Lambo, Josh",PK,jac,a,buf,3,
12,2018,6096,"Gould, Robbie",PK,sfo,a,tam,3,
12,2018,6203,"Bullock, Randy",PK,cin,h,cle,2,
13,2018,6241,"Fairbairn, Ka'imi",PK,hou,h,cle,21,
13,2018,6236,"Myers, Jason",PK,nyj,a,ten,19,
13,2018,6206,"Tucker, Justin",PK,bal,a,atl,17,
13,2018,6242,"Rosas, Aldrick",PK,nyg,h,chi,15,
13,2018,6205,"Zuerlein, Greg",PK,lar,a,det,14,
13,2018,6423,"Butker, Harrison",PK,kan,a,oak,12,
13,2018,6428,"Carlson, Daniel",PK,oak,h,kan,12,
13,2018,6240,"Gonzalez, Zane",PK,ari,a,gnb,10,
13,2018,6422,"Elliott, Jake",PK,phi,h,was,10,
13,2018,6159,"Prater, Matt",PK,det,h,lar,10,
13,2018,6230,"Parkey, Cody",PK,chi,a,nyg,9,
13,2018,6209,"Hopkins, Dustin",PK,was,a,phi,9,
13,2018,6429,"Maher, Brett",PK,dal,h,nor,8,
13,2018,6169,"Succop, Ryan",PK,ten,h,nyj,8,
13,2018,6048,"Janikowski, Sebastian",PK,sea,h,sfo,8,
13,2018,6225,"Boswell, Chris",PK,pit,h,lac,7,
13,2018,6227,"McManus, Brandon",PK,den,a,cin,6,
13,2018,6233,"Lambo, Josh",PK,jac,h,ind,6,
13,2018,6098,"Gostkowski, Stephen",PK,nwe,h,min,6,
13,2018,6224,"Santos, Cairo",PK,tam,h,car,6,
13,2018,6071,"Bryant, Matt",PK,atl,h,bal,5,
13,2018,6096,"Gould, Robbie",PK,sfo,a,sea,5,
13,2018,6172,"Gano, Graham",PK,car,a,tam,5,
13,2018,6432,"Badgley, Mike",PK,lac,a,pit,5,
13,2018,6104,"Crosby, Mason",PK,gnb,h,ari,5,
13,2018,6194,"Bailey, Dan",PK,min,a,nwe,4,
13,2018,6239,"Lutz, Wil",PK,nor,a,dal,4,
13,2018,6203,"Bullock, Randy",PK,cin,h,den,4,
13,2018,6427,"Sanders, Jason",PK,mia,h,buf,3,
13,2018,6167,"Hauschka, Steven",PK,buf,a,mia,3,
13,2018,6430,"Joseph, Greg",PK,cle,a,hou,1,
14,2018,6432,"Badgley, Mike",PK,lac,h,cin,17,
14,2018,6429,"Maher, Brett",PK,dal,h,phi,13,
14,2018,6104,"Crosby, Mason",PK,gnb,h,atl,13,
14,2018,6167,"Hauschka, Steven",PK,buf,h,nyj,11,
14,2018,6203,"Bullock, Randy",PK,cin,a,lac,11,
14,2018,6236,"Myers, Jason",PK,nyj,a,buf,10,
14,2018,6242,"Rosas, Aldrick",PK,nyg,a,was,10,
14,2018,6430,"Joseph, Greg",PK,cle,h,car,10,
14,2018,6098,"Gostkowski, Stephen",PK,nwe,a,mia,9,
14,2018,6096,"Gould, Robbie",PK,sfo,h,den,9,
14,2018,6423,"Butker, Harrison",PK,kan,h,bal,9,
14,2018,6239,"Lutz, Wil",PK,nor,a,tam,8,
14,2018,6229,"Catanzaro, Chandler",PK,car,a,cle,8,
14,2018,6037,"Vinatieri, Adam",PK,ind,a,hou,8,
14,2018,6205,"Zuerlein, Greg",PK,lar,a,chi,8,
14,2018,6230,"Parkey, Cody",PK,chi,h,lar,7,
14,2018,6048,"Janikowski, Sebastian",PK,sea,h,min,7,
14,2018,6428,"Carlson, Daniel",PK,oak,h,pit,7,
14,2018,6169,"Succop, Ryan",PK,ten,h,jac,6,
14,2018,6159,"Prater, Matt",PK,det,a,ari,6,
14,2018,6206,"Tucker, Justin",PK,bal,a,kan,6,
14,2018,6422,"Elliott, Jake",PK,phi,a,dal,5,
14,2018,6427,"Sanders, Jason",PK,mia,h,nwe,4,
14,2018,6240,"Gonzalez, Zane",PK,ari,h,det,3,
14,2018,6225,"Boswell, Chris",PK,pit,a,oak,3,
14,2018,6241,"Fairbairn, Ka'imi",PK,hou,h,ind,3,
14,2018,6227,"McManus, Brandon",PK,den,a,sfo,2,
14,2018,6071,"Bryant, Matt",PK,atl,a,gnb,2,
14,2018,6224,"Santos, Cairo",PK,tam,h,nor,2,
14,2018,6194,"Bailey, Dan",PK,min,a,sea,1,
14,2018,6233,"Lambo, Josh",PK,jac,a,ten,1,
15,2018,6241,"Fairbairn, Ka'imi",PK,hou,a,nyj,22,
15,2018,6422,"Elliott, Jake",PK,phi,a,lar,15,
15,2018,6096,"Gould, Robbie",PK,sfo,h,sea,15,
15,2018,6037,"Vinatieri, Adam",PK,ind,h,dal,13,
15,2018,6428,"Carlson, Daniel",PK,oak,a,cin,13,
15,2018,6227,"McManus, Brandon",PK,den,h,cle,12,
15,2018,6205,"Zuerlein, Greg",PK,lar,h,phi,12,
15,2018,6104,"Crosby, Mason",PK,gnb,a,chi,12,
15,2018,6203,"Bullock, Randy",PK,cin,h,oak,12,
15,2018,6194,"Bailey, Dan",PK,min,h,mia,11,
15,2018,6209,"Hopkins, Dustin",PK,was,a,jac,11,
15,2018,6071,"Bryant, Matt",PK,atl,h,ari,10,
15,2018,6208,"Forbath, Kai",PK,jac,h,was,8,
15,2018,6206,"Tucker, Justin",PK,bal,h,tam,8,
15,2018,6239,"Lutz, Wil",PK,nor,a,car,7,
15,2018,6430,"Joseph, Greg",PK,cle,a,den,6,
15,2018,6224,"Santos, Cairo",PK,tam,a,bal,6,
15,2018,6225,"Boswell, Chris",PK,pit,h,nwe,6,
15,2018,6230,"Parkey, Cody",PK,chi,h,gnb,6,
15,2018,6048,"Janikowski, Sebastian",PK,sea,a,sfo,6,
15,2018,6169,"Succop, Ryan",PK,ten,a,nyg,5,
15,2018,6427,"Sanders, Jason",PK,mia,a,min,5,
15,2018,6236,"Myers, Jason",PK,nyj,h,hou,4,
15,2018,6098,"Gostkowski, Stephen",PK,nwe,a,pit,4,
15,2018,6423,"Butker, Harrison",PK,kan,h,lac,4,
15,2018,6432,"Badgley, Mike",PK,lac,a,kan,3,
15,2018,6240,"Gonzalez, Zane",PK,ari,a,atl,2,
15,2018,6167,"Hauschka, Steven",PK,buf,h,det,2,
15,2018,6229,"Catanzaro, Chandler",PK,car,h,nor,1,
15,2018,6159,"Prater, Matt",PK,det,a,buf,1,
16,2018,6209,"Hopkins, Dustin",PK,was,a,ten,14,
16,2018,6104,"Crosby, Mason",PK,gnb,a,nyj,13,
16,2018,6423,"Butker, Harrison",PK,kan,a,sea,13,
16,2018,6206,"Tucker, Justin",PK,bal,a,lac,12,
16,2018,6429,"Maher, Brett",PK,dal,h,tam,11,
16,2018,6159,"Prater, Matt",PK,det,h,min,11,
16,2018,6428,"Carlson, Daniel",PK,oak,h,den,11,
16,2018,6242,"Rosas, Aldrick",PK,nyg,a,ind,10,
16,2018,6194,"Bailey, Dan",PK,min,a,det,9,
16,2018,6224,"Santos, Cairo",PK,tam,a,dal,9,
16,2018,6422,"Elliott, Jake",PK,phi,h,hou,9,
16,2018,6225,"Boswell, Chris",PK,pit,a,nor,9,
16,2018,6096,"Gould, Robbie",PK,sfo,h,chi,9,
16,2018,6236,"Myers, Jason",PK,nyj,h,gnb,8,
16,2018,6239,"Lutz, Wil",PK,nor,h,pit,8,
16,2018,6430,"Joseph, Greg",PK,cle,h,cin,8,
16,2018,6169,"Succop, Ryan",PK,ten,h,was,8,
16,2018,6048,"Janikowski, Sebastian",PK,sea,h,kan,8,
16,2018,6167,"Hauschka, Steven",PK,buf,a,nwe,7,
16,2018,6205,"Zuerlein, Greg",PK,lar,a,ari,7,
16,2018,6071,"Bryant, Matt",PK,atl,a,car,6,
16,2018,6229,"Catanzaro, Chandler",PK,car,h,atl,6,
16,2018,6098,"Gostkowski, Stephen",PK,nwe,h,buf,6,
16,2018,6241,"Fairbairn, Ka'imi",PK,hou,a,phi,6,
16,2018,6203,"Bullock, Randy",PK,cin,a,cle,6,
16,2018,6208,"Forbath, Kai",PK,jac,a,mia,5,
16,2018,6037,"Vinatieri, Adam",PK,ind,h,nyg,4,
16,2018,6432,"Badgley, Mike",PK,lac,h,bal,4,
16,2018,6240,"Gonzalez, Zane",PK,ari,h,lar,3,
16,2018,6227,"McManus, Brandon",PK,den,a,oak,2,
16,2018,6230,"Parkey, Cody",PK,chi,a,sfo,2,
16,2018,6427,"Sanders, Jason",PK,mia,h,jac,1,
17,2018,6206,"Tucker, Justin",PK,bal,h,cle,15,
17,2018,6240,"Gonzalez, Zane",PK,ari,a,sea,14,
17,2018,6205,"Zuerlein, Greg",PK,lar,h,sfo,14,
17,2018,6159,"Prater, Matt",PK,det,a,gnb,12.32,
17,2018,6071,"Bryant, Matt",PK,atl,a,tam,11,
17,2018,6229,"Catanzaro, Chandler",PK,car,a,nor,11,
17,2018,6037,"Vinatieri, Adam",PK,ind,a,ten,11,
17,2018,6431,"McCrane, Matthew",PK,pit,h,cin,11,
17,2018,6242,"Rosas, Aldrick",PK,nyg,h,dal,10,
17,2018,6048,"Janikowski, Sebastian",PK,sea,h,ari,10,
17,2018,6224,"Santos, Cairo",PK,tam,h,atl,9,
17,2018,6098,"Gostkowski, Stephen",PK,nwe,h,nyj,8,
17,2018,6241,"Fairbairn, Ka'imi",PK,hou,h,jac,8,
17,2018,6203,"Bullock, Randy",PK,cin,a,pit,8,
17,2018,6430,"Joseph, Greg",PK,cle,a,bal,6,
17,2018,6422,"Elliott, Jake",PK,phi,a,was,6,
17,2018,6096,"Gould, Robbie",PK,sfo,a,lar,6,
17,2018,6167,"Hauschka, Steven",PK,buf,h,mia,6,
17,2018,6194,"Bailey, Dan",PK,min,h,chi,5,
17,2018,6169,"Succop, Ryan",PK,ten,h,ind,5,
17,2018,6427,"Sanders, Jason",PK,mia,a,buf,5,
17,2018,6230,"Parkey, Cody",PK,chi,a,min,5,
17,2018,6423,"Butker, Harrison",PK,kan,h,oak,5,
17,2018,6428,"Carlson, Daniel",PK,oak,a,kan,5,
17,2018,6236,"Myers, Jason",PK,nyj,a,nwe,4,
17,2018,6429,"Maher, Brett",PK,dal,a,nyg,4,
17,2018,6227,"McManus, Brandon",PK,den,h,lac,3,
17,2018,6208,"Forbath, Kai",PK,jac,a,hou,3,
17,2018,6432,"Badgley, Mike",PK,lac,a,den,3,
17,2018,6239,"Lutz, Wil",PK,nor,h,car,2,
1,2019,6423,"Butker, Harrison",PK,kan,a,jac,17,
1,2019,6098,"Gostkowski, Stephen",PK,nwe,h,pit,16,
1,2019,6239,"Lutz, Wil",PK,nor,h,hou,15,
1,2019,6205,"Zuerlein, Greg",PK,lar,a,car,15,
1,2019,6240,"Gonzalez, Zane",PK,ari,h,det,14,
1,2019,6224,"Santos, Cairo",PK,ten,a,cle,13,
1,2019,6096,"Gould, Robbie",PK,sfo,a,tam,12,
1,2019,6437,"Slye, Joey",PK,car,h,lar,12,
1,2019,6209,"Hopkins, Dustin",PK,was,a,phi,11,
1,2019,6159,"Prater, Matt",PK,det,a,ari,11,
1,2019,6206,"Tucker, Justin",PK,bal,a,mia,11,
1,2019,6227,"McManus, Brandon",PK,den,a,oak,10,
1,2019,6233,"Lambo, Josh",PK,jac,h,kan,8,
1,2019,6203,"Bullock, Randy",PK,cin,a,sea,8,
1,2019,6422,"Elliott, Jake",PK,phi,h,was,6,
1,2019,6427,"Sanders, Jason",PK,mia,h,bal,6,
1,2019,6167,"Hauschka, Steven",PK,buf,a,nyj,6,
1,2019,6428,"Carlson, Daniel",PK,oak,h,den,6,
1,2019,6429,"Maher, Brett",PK,dal,h,nyg,5,
1,2019,6242,"Rosas, Aldrick",PK,nyg,a,dal,5,
1,2019,6037,"Vinatieri, Adam",PK,ind,a,lac,5,
1,2019,6436,"Gay, Matt",PK,tam,h,sfo,5,
1,2019,6194,"Bailey, Dan",PK,min,h,atl,4,
1,2019,6241,"Fairbairn, Ka'imi",PK,hou,a,nor,4,
1,2019,6104,"Crosby, Mason",PK,gnb,a,chi,4,
1,2019,6236,"Myers, Jason",PK,sea,h,cin,3,
1,2019,6225,"Boswell, Chris",PK,pit,a,nwe,3,
1,2019,6433,"Pineiro, Eddy",PK,chi,h,gnb,3,
1,2019,6434,"Seibert, Austin",PK,cle,h,ten,1,
